blockchain,mode,workload,cores,ram,secondaries,dataset,link_strategy,network_size,dynamic,n_observed,n_campaigns,first_observed_at,last_observed_at
Algorand,fat-tree,DDoS,8,16,10,2023,hop,10 nodes,0,13,3,2024-05-05 10:22:41.366,2025-07-15 20:45:25.492
Algorand,fat-tree,DDoS,8,16,10,2023,hop,40 nodes,0,13,3,2024-05-19 11:59:45.033,2025-06-26 19:50:14.797
Algorand,fat-tree,FIFA,8,16,10,2023,hop,10 nodes,0,16,5,2024-05-05 10:36:18.321,2025-07-15 23:00:57.372
Algorand,fat-tree,FIFA,8,16,10,2023,hop,40 nodes,0,13,3,2024-05-19 12:12:26.611,2025-06-26 22:19:39.812
Algorand,fat-tree,GAFAM,8,16,10,2023,hop,10 nodes,0,13,3,2024-05-05 10:03:58.380,2025-07-15 16:02:33.843
Algorand,fat-tree,GAFAM,8,16,10,2023,hop,40 nodes,0,13,3,2024-05-19 11:36:23.046,2025-06-26 14:09:52.047
Algorand,fat-tree,Gaming,8,16,10,2023,hop,10 nodes,0,13,3,2024-05-05 10:49:36.183,2025-07-16 01:16:21.795
Algorand,fat-tree,Gaming,8,16,10,2023,hop,40 nodes,0,13,3,2024-05-19 12:27:10.905,2025-06-27 00:51:30.565
Algorand,fat-tree,PayPal,8,16,10,2023,hop,10 nodes,0,13,3,2024-05-05 09:53:28.629,2025-07-15 17:40:21.680
Algorand,fat-tree,PayPal,8,16,10,2023,hop,40 nodes,0,13,3,2024-05-19 11:23:39.848,2025-06-26 16:10:57.907
Algorand,fat-tree,VISA,8,16,10,2023,hop,10 nodes,0,13,3,2024-05-05 10:12:05.660,2025-07-15 19:22:07.333
Algorand,fat-tree,VISA,8,16,10,2023,hop,40 nodes,0,13,3,2024-05-19 11:46:57.355,2025-06-26 18:09:29.807
Algorand,full mesh,DDoS,8,16,10,2023,hop,10 nodes,0,14,4,2024-04-28 13:42:46.759,2025-06-23 17:51:35.292
Algorand,full mesh,DDoS,8,16,10,2023,hop,40 nodes,0,13,3,2024-05-19 07:03:35.045,2025-06-24 06:17:55.014
Algorand,full mesh,FIFA,8,16,10,2023,hop,10 nodes,0,14,4,2024-04-28 14:03:55.244,2025-06-23 20:07:23.560
Algorand,full mesh,FIFA,8,16,10,2023,hop,40 nodes,0,13,3,2024-05-19 07:17:36.590,2025-06-24 08:50:00.112
Algorand,full mesh,GAFAM,8,16,10,2023,hop,10 nodes,0,14,4,2024-04-28 13:50:47.962,2025-06-23 13:09:37.190
Algorand,full mesh,GAFAM,8,16,10,2023,hop,40 nodes,0,13,3,2024-05-19 06:40:26.993,2025-06-24 00:30:01.703
Algorand,full mesh,Gaming,8,16,10,2023,hop,10 nodes,0,13,3,2024-04-28 14:17:29.382,2025-06-23 22:23:08.943
Algorand,full mesh,Gaming,8,16,10,2023,hop,40 nodes,0,13,3,2024-05-19 07:32:29.041,2025-06-24 11:20:01.334
Algorand,full mesh,PayPal,8,16,10,2023,hop,10 nodes,0,13,3,2024-05-03 21:55:18.204,2025-06-23 14:47:07.467
Algorand,full mesh,PayPal,8,16,10,2023,hop,40 nodes,0,13,3,2024-05-19 06:27:25.710,2025-06-24 02:32:33.969
Algorand,full mesh,VISA,8,16,10,2023,hop,10 nodes,0,13,3,2024-05-03 22:14:04.515,2025-06-23 16:28:11.942
Algorand,full mesh,VISA,8,16,10,2023,hop,40 nodes,0,13,3,2024-05-19 06:50:48.304,2025-06-24 04:34:13.141
Algorand,hypercube,DDoS,8,16,10,2023,hop,10 nodes,0,13,3,2024-05-05 11:40:39.780,2025-07-12 18:37:42.281
Algorand,hypercube,DDoS,8,16,10,2023,hop,40 nodes,0,13,3,2024-05-19 13:35:46.325,2025-07-13 07:03:40.886
Algorand,hypercube,FIFA,8,16,10,2023,hop,10 nodes,0,13,3,2024-05-05 11:53:35.013,2025-07-12 20:53:27.537
Algorand,hypercube,FIFA,8,16,10,2023,hop,40 nodes,0,13,3,2024-05-19 13:50:24.885,2025-07-13 09:38:41.639
Algorand,hypercube,GAFAM,8,16,10,2023,hop,10 nodes,0,13,3,2024-05-05 11:21:54.133,2025-07-12 13:55:20.285
Algorand,hypercube,GAFAM,8,16,10,2023,hop,40 nodes,0,13,3,2024-05-19 13:12:25.190,2025-07-13 01:23:58.163
Algorand,hypercube,Gaming,8,16,10,2023,hop,10 nodes,0,13,3,2024-05-10 21:11:02.953,2025-07-12 23:09:02.936
Algorand,hypercube,Gaming,8,16,10,2023,hop,40 nodes,0,13,3,2024-05-19 14:06:15.862,2025-07-13 12:14:55.706
Algorand,hypercube,PayPal,8,16,10,2023,hop,10 nodes,0,13,3,2024-05-05 11:11:25.345,2025-07-12 15:32:50.021
Algorand,hypercube,PayPal,8,16,10,2023,hop,40 nodes,0,13,3,2024-05-19 12:59:23.921,2025-07-13 03:23:56.917
Algorand,hypercube,VISA,8,16,10,2023,hop,10 nodes,0,13,3,2024-05-05 11:30:03.538,2025-07-12 17:13:41.314
Algorand,hypercube,VISA,8,16,10,2023,hop,40 nodes,0,13,3,2024-05-19 13:23:00.645,2025-07-13 05:19:57.058
Algorand,scale-free,DDoS,8,16,10,2023,hop,10 nodes,0,13,3,2024-05-27 16:01:05.426,2025-06-24 17:49:58.287
Algorand,scale-free,DDoS,8,16,10,2023,hop,40 nodes,0,13,3,2024-05-27 17:32:58.049,2025-06-25 06:16:14.899
Algorand,scale-free,FIFA,8,16,10,2023,hop,10 nodes,0,17,6,2024-05-27 16:14:36.783,2025-06-24 20:06:24.033
Algorand,scale-free,FIFA,8,16,10,2023,hop,40 nodes,0,11,3,2024-05-27 17:48:21.072,2025-06-25 08:49:01.091
Algorand,scale-free,GAFAM,8,16,10,2023,hop,10 nodes,0,13,3,2024-05-27 15:42:43.851,2025-06-24 13:07:14.499
Algorand,scale-free,GAFAM,8,16,10,2023,hop,40 nodes,0,13,3,2024-05-27 17:09:44.418,2025-06-25 00:34:40.857
Algorand,scale-free,Gaming,8,16,10,2023,hop,10 nodes,0,12,3,2024-05-27 16:28:03.888,2025-06-24 22:08:44.572
Algorand,scale-free,Gaming,8,16,10,2023,hop,40 nodes,0,13,3,2024-05-27 18:04:48.987,2025-06-25 11:25:17.518
Algorand,scale-free,PayPal,8,16,10,2023,hop,10 nodes,0,13,3,2024-05-27 15:32:11.967,2025-06-24 14:44:58.791
Algorand,scale-free,PayPal,8,16,10,2023,hop,40 nodes,0,13,3,2024-05-27 16:56:42.147,2025-06-25 02:34:07.817
Algorand,scale-free,VISA,8,16,10,2023,hop,10 nodes,0,13,3,2024-05-27 15:50:50.016,2025-06-24 16:26:24.227
Algorand,scale-free,VISA,8,16,10,2023,hop,40 nodes,0,13,3,2024-05-27 17:20:05.529,2025-06-25 04:31:17.251
Algorand,torus,DDoS,8,16,10,2023,hop,10 nodes,0,13,3,2024-05-04 04:08:43.188,2025-06-25 17:56:53.424
Algorand,torus,DDoS,8,16,10,2023,hop,40 nodes,0,13,3,2024-05-19 10:20:44.628,2025-06-26 06:26:14.610
Algorand,torus,FIFA,8,16,10,2023,hop,10 nodes,0,13,3,2024-05-04 04:22:40.917,2025-06-25 20:12:35.043
Algorand,torus,FIFA,8,16,10,2023,hop,40 nodes,0,13,3,2024-05-19 10:35:22.977,2025-06-26 09:02:46.426
Algorand,torus,GAFAM,8,16,10,2023,hop,10 nodes,0,13,3,2024-05-04 03:49:53.447,2025-06-25 13:14:19.866
Algorand,torus,GAFAM,8,16,10,2023,hop,40 nodes,0,13,3,2024-05-19 09:57:23.011,2025-06-26 00:46:01.142
Algorand,torus,Gaming,8,16,10,2023,hop,10 nodes,0,13,3,2024-05-04 14:13:00.131,2025-06-25 22:28:04.636
Algorand,torus,Gaming,8,16,10,2023,hop,40 nodes,0,13,3,2024-05-19 10:51:37.480,2025-06-26 11:31:44.236
Algorand,torus,PayPal,8,16,10,2023,hop,10 nodes,0,13,3,2024-05-04 03:39:19.841,2025-06-25 14:52:52.596
Algorand,torus,PayPal,8,16,10,2023,hop,40 nodes,0,13,3,2024-05-19 09:44:40.209,2025-06-26 02:47:36.024
Algorand,torus,VISA,8,16,10,2023,hop,10 nodes,0,13,3,2024-05-04 03:58:03.323,2025-06-25 16:33:35.330
Algorand,torus,VISA,8,16,10,2023,hop,40 nodes,0,13,3,2024-05-19 10:07:56.117,2025-06-26 04:45:04.880
Diem,fat-tree,DDoS,8,16,10,2023,hop,10 nodes,0,13,3,2024-05-06 02:47:53.486,2025-07-01 15:55:34.720
Diem,fat-tree,DDoS,8,16,10,2023,hop,40 nodes,0,20,4,2024-05-20 06:00:38.171,2025-07-02 23:09:07.199
Diem,fat-tree,FIFA,8,16,10,2023,hop,10 nodes,0,13,3,2024-05-06 03:09:35.550,2025-07-01 18:56:35.215
Diem,fat-tree,FIFA,8,16,10,2023,hop,40 nodes,0,21,5,2024-05-20 06:19:53.038,2025-07-03 02:08:54.659
Diem,fat-tree,GAFAM,8,16,10,2023,hop,10 nodes,0,13,3,2024-05-06 02:25:15.793,2025-07-01 09:50:33.370
Diem,fat-tree,GAFAM,8,16,10,2023,hop,40 nodes,0,19,4,2024-05-20 05:35:36.233,2025-07-02 17:04:13.662
Diem,fat-tree,Gaming,8,16,10,2023,hop,10 nodes,0,13,3,2024-05-06 03:25:24.102,2025-07-01 21:48:51.476
Diem,fat-tree,Gaming,8,16,10,2023,hop,40 nodes,0,25,6,2024-05-20 06:38:23.897,2025-07-03 05:01:21.666
Diem,fat-tree,PayPal,8,16,10,2023,hop,10 nodes,0,13,3,2024-05-06 02:13:26.867,2025-07-01 11:45:37.343
Diem,fat-tree,PayPal,8,16,10,2023,hop,40 nodes,0,23,6,2024-05-20 05:22:39.510,2025-07-02 18:59:04.968
Diem,fat-tree,VISA,8,16,10,2023,hop,10 nodes,0,11,3,2024-05-06 07:03:21.218,2025-07-01 13:42:10.174
Diem,fat-tree,VISA,8,16,10,2023,hop,40 nodes,0,23,5,2024-05-20 05:47:08.180,2025-07-02 20:56:08.577
Diem,full mesh,DDoS,8,16,10,2023,hop,10 nodes,0,13,3,2024-05-04 22:22:09.595,2025-06-27 20:04:36.615
Diem,full mesh,DDoS,8,16,10,2023,hop,40 nodes,0,11,3,2024-05-19 23:24:25.853,2025-06-28 11:40:01.615
Diem,full mesh,FIFA,8,16,10,2023,hop,10 nodes,0,13,3,2024-05-04 22:41:05.689,2025-06-27 23:05:55.838
Diem,full mesh,FIFA,8,16,10,2023,hop,40 nodes,0,11,3,2024-05-19 23:44:25.771,2025-06-28 14:51:50.144
Diem,full mesh,GAFAM,8,16,10,2023,hop,10 nodes,0,12,3,2024-05-08 17:36:11.374,2025-06-27 13:59:16.559
Diem,full mesh,GAFAM,8,16,10,2023,hop,40 nodes,0,13,3,2024-05-19 22:58:46.718,2025-06-28 04:57:15.240
Diem,full mesh,Gaming,8,16,10,2023,hop,10 nodes,0,13,3,2024-05-08 17:52:00.805,2025-06-28 01:57:55.298
Diem,full mesh,Gaming,8,16,10,2023,hop,40 nodes,0,12,3,2024-05-20 00:03:28.909,2025-06-28 17:56:16.313
Diem,full mesh,PayPal,8,16,10,2023,hop,10 nodes,0,13,3,2024-05-04 21:47:50.816,2025-06-27 15:54:27.116
Diem,full mesh,PayPal,8,16,10,2023,hop,40 nodes,0,13,3,2024-05-19 22:46:04.910,2025-06-28 07:05:08.076
Diem,full mesh,VISA,8,16,10,2023,hop,10 nodes,0,13,3,2024-05-04 22:10:17.980,2025-06-27 17:51:20.899
Diem,full mesh,VISA,8,16,10,2023,hop,40 nodes,0,12,3,2024-05-19 23:11:03.628,2025-06-28 09:14:44.385
Diem,hypercube,DDoS,8,16,10,2023,hop,10 nodes,0,13,3,2024-05-05 22:20:01.176,2025-08-08 11:12:04.815
Diem,hypercube,DDoS,8,16,10,2023,hop,40 nodes,0,12,4,2024-05-20 08:17:35.925,2025-07-03 14:50:30.158
Diem,hypercube,FIFA,8,16,10,2023,hop,10 nodes,0,13,3,2024-05-05 22:39:03.769,2025-08-08 14:13:29.062
Diem,hypercube,FIFA,8,16,10,2023,hop,40 nodes,0,9,3,2024-05-20 08:37:34.201,2025-07-03 17:57:43.758
Diem,hypercube,GAFAM,8,16,10,2023,hop,10 nodes,0,13,3,2024-05-05 21:57:05.673,2025-08-08 05:07:22.043
Diem,hypercube,GAFAM,8,16,10,2023,hop,40 nodes,0,10,3,2024-05-21 07:17:04.585,2025-07-03 08:10:59.233
Diem,hypercube,Gaming,8,16,10,2023,hop,10 nodes,0,13,3,2024-05-05 22:55:54.106,2025-08-08 17:05:23.621
Diem,hypercube,Gaming,8,16,10,2023,hop,40 nodes,0,10,3,2024-05-21 07:47:54.356,2025-07-03 21:19:22.325
Diem,hypercube,PayPal,8,16,10,2023,hop,10 nodes,0,13,3,2024-05-05 21:45:13.306,2025-08-08 07:02:10.090
Diem,hypercube,PayPal,8,16,10,2023,hop,40 nodes,0,11,3,2024-05-20 07:38:50.131,2025-07-03 10:30:14.282
Diem,hypercube,VISA,8,16,10,2023,hop,10 nodes,0,12,3,2024-05-05 22:07:52.093,2025-08-08 08:58:59.045
Diem,hypercube,VISA,8,16,10,2023,hop,40 nodes,0,9,3,2024-05-20 08:04:10.318,2025-07-03 12:39:50.190
Diem,scale-free,DDoS,8,16,10,2023,hop,10 nodes,0,13,3,2024-05-27 22:23:56.093,2025-06-29 02:45:01.959
Diem,scale-free,DDoS,8,16,10,2023,hop,40 nodes,0,19,4,2024-05-28 00:37:13.151,2025-07-14 00:14:51.885
Diem,scale-free,FIFA,8,16,10,2023,hop,10 nodes,0,12,3,2024-05-28 13:47:31.580,2025-06-29 05:45:13.171
Diem,scale-free,FIFA,8,16,10,2023,hop,40 nodes,0,18,4,2024-05-28 15:23:33.348,2025-07-14 03:26:43.604
Diem,scale-free,GAFAM,8,16,10,2023,hop,10 nodes,0,14,4,2024-05-27 22:01:10.072,2025-06-28 20:40:38.106
Diem,scale-free,GAFAM,8,16,10,2023,hop,40 nodes,0,16,4,2024-05-28 14:54:37.493,2025-07-13 17:32:46.674
Diem,scale-free,Gaming,8,16,10,2023,hop,10 nodes,0,13,3,2024-05-27 22:59:03.580,2025-06-29 08:38:37.805
Diem,scale-free,Gaming,8,16,10,2023,hop,40 nodes,0,17,4,2024-05-28 01:13:38.806,2025-07-14 06:31:19.572
Diem,scale-free,PayPal,8,16,10,2023,hop,10 nodes,0,13,4,2024-05-27 21:49:28.820,2025-06-28 22:34:35.803
Diem,scale-free,PayPal,8,16,10,2023,hop,40 nodes,0,19,5,2024-05-28 14:41:21.501,2025-07-13 19:27:02.884
Diem,scale-free,VISA,8,16,10,2023,hop,10 nodes,0,12,3,2024-05-28 13:26:35.489,2025-06-29 00:31:33.520
Diem,scale-free,VISA,8,16,10,2023,hop,40 nodes,0,19,6,2024-05-28 00:23:24.549,2025-07-13 21:36:25.740
Diem,torus,DDoS,8,16,10,2023,hop,10 nodes,0,13,3,2024-05-05 02:26:50.386,2025-06-30 09:17:45.298
Diem,torus,DDoS,8,16,10,2023,hop,40 nodes,0,10,3,2024-05-21 09:13:20.548,2025-07-01 00:55:07.949
Diem,torus,FIFA,8,16,10,2023,hop,10 nodes,0,13,3,2024-05-05 02:45:21.959,2025-06-30 12:19:19.999
Diem,torus,FIFA,8,16,10,2023,hop,40 nodes,0,9,3,2024-05-20 04:05:30.518,2025-07-01 04:06:11.879
Diem,torus,GAFAM,8,16,10,2023,hop,10 nodes,0,13,3,2024-05-05 02:03:52.818,2025-06-30 03:12:39.983
Diem,torus,GAFAM,8,16,10,2023,hop,40 nodes,0,13,4,2024-05-20 03:21:03.950,2025-06-30 18:01:03.515
Diem,torus,Gaming,8,16,10,2023,hop,10 nodes,0,12,3,2024-05-05 14:14:08.960,2025-06-30 15:10:48.855
Diem,torus,Gaming,8,16,10,2023,hop,40 nodes,0,11,4,2024-05-21 09:31:52.595,2025-07-01 07:09:04.073
Diem,torus,PayPal,8,16,10,2023,hop,10 nodes,0,12,3,2024-05-05 01:52:25.597,2025-06-30 05:07:39.517
Diem,torus,PayPal,8,16,10,2023,hop,40 nodes,0,12,4,2024-05-21 08:47:53.362,2025-06-30 20:21:31.767
Diem,torus,VISA,8,16,10,2023,hop,10 nodes,0,13,3,2024-05-05 02:14:34.885,2025-06-30 07:04:38.652
Diem,torus,VISA,8,16,10,2023,hop,40 nodes,0,13,4,2024-05-20 03:33:15.906,2025-06-30 22:29:56.259
Ethereum,fat-tree,DDoS,8,16,10,2023,hop,10 nodes,0,13,3,2024-05-08 22:47:19.426,2025-06-21 16:54:42.034
Ethereum,fat-tree,DDoS,8,16,10,2023,hop,40 nodes,0,13,3,2024-05-19 19:44:25.322,2025-06-22 05:26:43.809
Ethereum,fat-tree,FIFA,8,16,10,2023,hop,10 nodes,0,14,4,2024-05-08 23:01:08.390,2025-06-21 19:22:49.273
Ethereum,fat-tree,FIFA,8,16,10,2023,hop,40 nodes,0,13,3,2024-05-19 19:57:56.050,2025-06-22 08:06:15.122
Ethereum,fat-tree,GAFAM,8,16,10,2023,hop,10 nodes,0,13,3,2024-05-08 22:28:33.482,2025-06-21 11:56:43.470
Ethereum,fat-tree,GAFAM,8,16,10,2023,hop,40 nodes,0,13,3,2024-05-19 19:22:41.406,2025-06-21 23:52:01.322
Ethereum,fat-tree,Gaming,8,16,10,2023,hop,10 nodes,0,13,3,2024-05-09 08:33:20.928,2025-06-21 21:50:25.023
Ethereum,fat-tree,Gaming,8,16,10,2023,hop,40 nodes,0,13,3,2024-05-19 20:13:33.727,2025-06-22 10:47:07.168
Ethereum,fat-tree,PayPal,8,16,10,2023,hop,10 nodes,0,14,4,2024-05-08 22:17:23.794,2025-06-21 13:39:02.286
Ethereum,fat-tree,PayPal,8,16,10,2023,hop,40 nodes,0,13,3,2024-05-19 19:10:58.182,2025-06-22 01:46:47.066
Ethereum,fat-tree,VISA,8,16,10,2023,hop,10 nodes,0,13,3,2024-05-08 22:36:31.182,2025-06-21 15:25:22.877
Ethereum,fat-tree,VISA,8,16,10,2023,hop,40 nodes,0,13,3,2024-05-19 19:32:27.840,2025-06-22 03:45:19.258
Ethereum,full mesh,DDoS,8,16,10,2023,hop,10 nodes,0,11,2,2024-05-08 19:00:52.490,2025-06-18 14:59:24.644
Ethereum,full mesh,DDoS,8,16,10,2023,hop,40 nodes,0,13,3,2024-05-19 15:09:06.730,2025-06-19 03:33:04.517
Ethereum,full mesh,FIFA,8,16,10,2023,hop,10 nodes,0,13,4,2024-05-08 19:14:45.746,2025-06-18 17:26:42.956
Ethereum,full mesh,FIFA,8,16,10,2023,hop,40 nodes,0,13,3,2024-05-19 15:22:56.729,2025-06-19 06:12:16.328
Ethereum,full mesh,GAFAM,8,16,10,2023,hop,10 nodes,0,13,3,2024-05-08 18:42:38.315,2025-06-18 10:01:26.012
Ethereum,full mesh,GAFAM,8,16,10,2023,hop,40 nodes,0,13,3,2024-05-19 14:47:37.062,2025-06-18 21:58:15.891
Ethereum,full mesh,Gaming,8,16,10,2023,hop,10 nodes,0,13,3,2024-05-09 06:31:25.950,2025-06-18 19:54:27.264
Ethereum,full mesh,Gaming,8,16,10,2023,hop,40 nodes,0,13,3,2024-05-19 15:38:36.644,2025-06-19 08:52:59.051
Ethereum,full mesh,PayPal,8,16,10,2023,hop,10 nodes,0,13,3,2024-05-08 18:30:54.818,2025-06-18 11:43:29.874
Ethereum,full mesh,PayPal,8,16,10,2023,hop,40 nodes,0,13,3,2024-05-19 14:35:38.393,2025-06-18 23:53:07.959
Ethereum,full mesh,VISA,8,16,10,2023,hop,10 nodes,0,13,3,2024-05-08 18:50:02.606,2025-06-18 13:29:44.722
Ethereum,full mesh,VISA,8,16,10,2023,hop,40 nodes,0,13,3,2024-05-19 14:57:09.169,2025-06-19 01:51:31.211
Ethereum,hypercube,DDoS,8,16,10,2023,hop,10 nodes,0,13,3,2024-05-09 00:02:51.594,2025-06-22 17:31:46.158
Ethereum,hypercube,DDoS,8,16,10,2023,hop,40 nodes,0,13,3,2024-05-19 21:16:40.073,2025-06-23 06:03:41.557
Ethereum,hypercube,FIFA,8,16,10,2023,hop,10 nodes,0,12,3,2024-05-09 10:18:01.920,2025-06-22 19:58:08.187
Ethereum,hypercube,FIFA,8,16,10,2023,hop,40 nodes,0,13,3,2024-05-19 21:30:36.811,2025-06-23 08:41:44.199
Ethereum,hypercube,GAFAM,8,16,10,2023,hop,10 nodes,0,13,3,2024-05-08 23:44:10.329,2025-06-22 12:34:54.592
Ethereum,hypercube,GAFAM,8,16,10,2023,hop,40 nodes,0,13,3,2024-05-19 20:55:08.928,2025-06-23 00:29:34.074
Ethereum,hypercube,Gaming,8,16,10,2023,hop,10 nodes,0,13,3,2024-05-09 10:00:42.421,2025-06-22 22:25:33.579
Ethereum,hypercube,Gaming,8,16,10,2023,hop,40 nodes,0,13,3,2024-05-19 21:46:14.332,2025-06-23 11:22:06.906
Ethereum,hypercube,PayPal,8,16,10,2023,hop,10 nodes,0,14,4,2024-05-08 23:32:27.762,2025-06-22 14:17:06.001
Ethereum,hypercube,PayPal,8,16,10,2023,hop,40 nodes,0,13,3,2024-05-19 20:43:09.963,2025-06-23 02:24:25.158
Ethereum,hypercube,VISA,8,16,10,2023,hop,10 nodes,0,13,3,2024-05-08 23:51:58.744,2025-06-22 16:02:41.989
Ethereum,hypercube,VISA,8,16,10,2023,hop,40 nodes,0,13,3,2024-05-19 21:04:41.248,2025-06-23 04:22:28.246
Ethereum,scale-free,DDoS,8,16,10,2023,hop,10 nodes,0,14,4,2024-05-27 18:57:27.092,2025-06-19 15:40:21.288
Ethereum,scale-free,DDoS,8,16,10,2023,hop,40 nodes,0,13,3,2024-05-27 20:26:23.541,2025-06-20 04:11:12.257
Ethereum,scale-free,FIFA,8,16,10,2023,hop,10 nodes,0,13,3,2024-05-27 19:12:23.410,2025-06-19 18:08:55.788
Ethereum,scale-free,FIFA,8,16,10,2023,hop,40 nodes,0,13,3,2024-05-27 20:39:53.694,2025-06-20 06:48:38.001
Ethereum,scale-free,GAFAM,8,16,10,2023,hop,10 nodes,0,13,3,2024-05-27 18:39:21.156,2025-06-19 10:42:01.382
Ethereum,scale-free,GAFAM,8,16,10,2023,hop,40 nodes,0,13,3,2024-05-27 20:04:51.693,2025-06-19 22:37:12.512
Ethereum,scale-free,Gaming,8,16,10,2023,hop,10 nodes,0,13,3,2024-05-27 19:26:01.854,2025-06-19 20:36:28.070
Ethereum,scale-free,Gaming,8,16,10,2023,hop,40 nodes,0,13,3,2024-05-27 20:55:33.988,2025-06-20 09:28:51.279
Ethereum,scale-free,PayPal,8,16,10,2023,hop,10 nodes,0,13,3,2024-05-27 18:27:26.645,2025-06-19 12:24:17.101
Ethereum,scale-free,PayPal,8,16,10,2023,hop,40 nodes,0,13,3,2024-05-27 19:52:52.095,2025-06-20 00:31:54.277
Ethereum,scale-free,VISA,8,16,10,2023,hop,10 nodes,0,13,3,2024-05-27 18:46:35.300,2025-06-19 14:10:30.996
Ethereum,scale-free,VISA,8,16,10,2023,hop,40 nodes,0,13,3,2024-05-27 20:14:23.872,2025-06-20 02:30:02.001
Ethereum,torus,DDoS,8,16,10,2023,hop,10 nodes,0,14,4,2024-05-08 21:32:01.148,2025-06-20 16:17:59.576
Ethereum,torus,DDoS,8,16,10,2023,hop,40 nodes,0,13,3,2024-05-19 18:12:53.741,2025-06-21 04:49:10.640
Ethereum,torus,FIFA,8,16,10,2023,hop,10 nodes,0,16,5,2024-05-08 21:46:04.180,2025-06-20 18:45:59.531
Ethereum,torus,FIFA,8,16,10,2023,hop,40 nodes,0,13,3,2024-05-19 18:26:32.791,2025-06-21 07:28:18.616
Ethereum,torus,GAFAM,8,16,10,2023,hop,10 nodes,0,15,4,2024-05-08 21:13:56.413,2025-06-20 11:19:34.299
Ethereum,torus,GAFAM,8,16,10,2023,hop,40 nodes,0,13,3,2024-05-19 17:51:07.992,2025-06-20 23:15:12.831
Ethereum,torus,Gaming,8,16,10,2023,hop,10 nodes,0,15,4,2024-05-09 07:53:09.526,2025-06-20 21:13:58.161
Ethereum,torus,Gaming,8,16,10,2023,hop,40 nodes,0,13,3,2024-05-19 18:42:11.777,2025-06-21 10:07:42.190
Ethereum,torus,PayPal,8,16,10,2023,hop,10 nodes,0,15,4,2024-05-08 21:02:03.536,2025-06-20 13:02:13.128
Ethereum,torus,PayPal,8,16,10,2023,hop,40 nodes,0,13,3,2024-05-19 17:39:23.840,2025-06-21 01:10:02.171
Ethereum,torus,VISA,8,16,10,2023,hop,10 nodes,0,15,4,2024-05-08 21:21:11.681,2025-06-20 14:48:26.549
Ethereum,torus,VISA,8,16,10,2023,hop,40 nodes,0,13,3,2024-05-19 18:00:54.358,2025-06-21 03:08:03.316
Quorum,fat-tree,DDoS,8,16,10,2023,hop,10 nodes,0,13,3,2024-05-09 17:03:10.486,2025-07-10 19:42:44.621
Quorum,fat-tree,DDoS,8,16,10,2023,hop,40 nodes,0,13,3,2024-04-21 23:45:17.406,2025-07-11 15:15:12.266
Quorum,fat-tree,FIFA,8,16,10,2023,hop,10 nodes,0,13,3,2024-05-09 17:19:53.589,2025-07-10 22:02:37.550
Quorum,fat-tree,FIFA,8,16,10,2023,hop,40 nodes,0,13,3,2024-04-22 00:10:50.252,2025-07-11 17:47:44.106
Quorum,fat-tree,GAFAM,8,16,10,2023,hop,10 nodes,0,15,4,2024-05-09 16:42:56.853,2025-07-10 14:48:36.932
Quorum,fat-tree,GAFAM,8,16,10,2023,hop,40 nodes,0,16,5,2024-04-21 23:55:57.989,2025-07-11 09:37:23.172
Quorum,fat-tree,Gaming,8,16,10,2023,hop,10 nodes,0,16,5,2024-05-09 17:34:33.953,2025-07-11 00:21:09.823
Quorum,fat-tree,Gaming,8,16,10,2023,hop,40 nodes,0,13,3,2024-04-22 00:23:33.428,2025-07-11 20:19:22.300
Quorum,fat-tree,PayPal,8,16,10,2023,hop,10 nodes,0,14,4,2024-05-09 16:29:48.702,2025-07-10 16:27:18.560
Quorum,fat-tree,PayPal,8,16,10,2023,hop,40 nodes,0,13,3,2024-05-04 16:40:09.569,2025-07-11 11:30:49.912
Quorum,fat-tree,VISA,8,16,10,2023,hop,10 nodes,0,13,3,2024-05-09 16:52:38.227,2025-07-10 18:04:28.207
Quorum,fat-tree,VISA,8,16,10,2023,hop,40 nodes,0,14,4,2024-05-04 16:51:39.505,2025-07-11 13:22:48.319
Quorum,full mesh,DDoS,8,16,10,2023,hop,10 nodes,0,13,3,2024-05-09 12:52:54.824,2025-07-12 04:35:19.210
Quorum,full mesh,DDoS,8,16,10,2023,hop,40 nodes,0,13,3,2024-04-22 08:41:23.221,2025-06-12 15:11:30.248
Quorum,full mesh,FIFA,8,16,10,2023,hop,10 nodes,0,13,3,2024-05-09 13:10:16.737,2025-07-12 06:55:05.325
Quorum,full mesh,FIFA,8,16,10,2023,hop,40 nodes,0,13,3,2024-04-22 09:06:49.491,2025-06-12 17:44:14.753
Quorum,full mesh,GAFAM,8,16,10,2023,hop,10 nodes,0,13,3,2024-05-09 12:30:41.843,2025-07-11 23:39:52.734
Quorum,full mesh,GAFAM,8,16,10,2023,hop,40 nodes,0,14,4,2024-04-22 08:52:08.398,2025-06-12 09:34:46.354
Quorum,full mesh,Gaming,8,16,10,2023,hop,10 nodes,0,14,3,2024-05-09 13:21:46.823,2025-07-12 09:13:52.211
Quorum,full mesh,Gaming,8,16,10,2023,hop,40 nodes,0,13,3,2024-04-22 09:19:32.548,2025-06-12 20:16:20.980
Quorum,full mesh,PayPal,8,16,10,2023,hop,10 nodes,0,13,3,2024-05-09 12:19:58.919,2025-07-12 01:18:51.966
Quorum,full mesh,PayPal,8,16,10,2023,hop,40 nodes,0,13,3,2024-05-04 14:41:44.826,2025-06-12 11:28:37.703
Quorum,full mesh,VISA,8,16,10,2023,hop,10 nodes,0,14,5,2024-05-09 12:42:24.917,2025-07-12 02:56:34.724
Quorum,full mesh,VISA,8,16,10,2023,hop,40 nodes,0,18,5,2024-05-04 14:53:14.361,2025-06-12 13:20:11.679
Quorum,hypercube,DDoS,8,16,10,2023,hop,10 nodes,0,13,3,2024-05-09 21:27:20.732,2025-06-16 07:25:12.350
Quorum,hypercube,DDoS,8,16,10,2023,hop,40 nodes,0,13,3,2024-04-22 00:53:18.285,2025-06-16 20:20:34.976
Quorum,hypercube,FIFA,8,16,10,2023,hop,10 nodes,0,14,4,2024-05-09 21:43:26.656,2025-06-16 09:44:50.117
Quorum,hypercube,FIFA,8,16,10,2023,hop,40 nodes,0,13,3,2024-04-22 01:18:44.297,2025-06-16 22:53:49.296
Quorum,hypercube,GAFAM,8,16,10,2023,hop,10 nodes,0,13,4,2024-05-09 21:04:49.544,2025-06-16 02:30:55.744
Quorum,hypercube,GAFAM,8,16,10,2023,hop,40 nodes,0,13,4,2024-04-22 01:03:58.033,2025-06-16 14:40:55.657
Quorum,hypercube,Gaming,8,16,10,2023,hop,10 nodes,0,17,5,2024-05-09 21:57:55.017,2025-06-16 12:03:31.180
Quorum,hypercube,Gaming,8,16,10,2023,hop,40 nodes,0,13,3,2024-04-22 01:31:03.398,2025-06-17 01:24:56.493
Quorum,hypercube,PayPal,8,16,10,2023,hop,10 nodes,0,17,5,2024-05-09 20:54:06.340,2025-06-16 04:09:45.082
Quorum,hypercube,PayPal,8,16,10,2023,hop,40 nodes,0,13,3,2024-05-04 17:18:56.082,2025-06-16 16:34:44.905
Quorum,hypercube,VISA,8,16,10,2023,hop,10 nodes,0,13,4,2024-05-10 07:19:47.440,2025-06-16 05:46:55.538
Quorum,hypercube,VISA,8,16,10,2023,hop,40 nodes,0,15,4,2024-05-04 17:29:55.372,2025-06-16 18:26:59.746
Quorum,scale-free,DDoS,8,16,10,2023,hop,10 nodes,0,14,4,2024-05-09 14:15:34.275,2025-06-13 03:35:05.115
Quorum,scale-free,DDoS,8,16,10,2023,hop,40 nodes,0,16,5,2024-04-21 21:29:22.775,2025-06-13 16:26:42.957
Quorum,scale-free,FIFA,8,16,10,2023,hop,10 nodes,0,16,5,2024-05-09 14:31:34.432,2025-06-13 05:57:03.514
Quorum,scale-free,FIFA,8,16,10,2023,hop,40 nodes,0,16,5,2024-04-21 21:56:01.687,2025-06-13 18:59:31.043
Quorum,scale-free,GAFAM,8,16,10,2023,hop,10 nodes,0,12,4,2024-05-09 13:54:34.168,2025-06-12 22:38:54.233
Quorum,scale-free,GAFAM,8,16,10,2023,hop,40 nodes,0,17,6,2024-04-21 21:40:01.130,2025-06-13 10:49:13.057
Quorum,scale-free,Gaming,8,16,10,2023,hop,10 nodes,0,14,4,2024-05-09 14:45:23.553,2025-06-13 08:15:47.104
Quorum,scale-free,Gaming,8,16,10,2023,hop,40 nodes,0,16,5,2024-04-21 22:08:38.362,2025-06-13 21:31:53.443
Quorum,scale-free,PayPal,8,16,10,2023,hop,10 nodes,0,15,5,2024-05-09 13:42:41.074,2025-06-13 00:18:36.550
Quorum,scale-free,PayPal,8,16,10,2023,hop,40 nodes,0,16,5,2024-05-04 15:21:14.249,2025-06-13 12:43:10.812
Quorum,scale-free,VISA,8,16,10,2023,hop,10 nodes,0,14,5,2024-05-09 14:05:06.280,2025-06-13 01:56:32.898
Quorum,scale-free,VISA,8,16,10,2023,hop,40 nodes,0,17,6,2024-05-04 15:33:05.644,2025-06-13 14:34:20.531
Quorum,torus,DDoS,8,16,10,2023,hop,10 nodes,0,11,2,2024-05-09 15:39:10.416,2025-06-14 04:52:06.061
Quorum,torus,DDoS,8,16,10,2023,hop,40 nodes,0,13,3,2024-04-21 22:37:26.438,2025-06-14 17:45:10.891
Quorum,torus,FIFA,8,16,10,2023,hop,10 nodes,0,11,2,2024-05-09 15:54:28.937,2025-06-14 07:12:08.450
Quorum,torus,FIFA,8,16,10,2023,hop,40 nodes,0,13,3,2024-04-21 23:04:08.118,2025-06-14 20:18:10.645
Quorum,torus,GAFAM,8,16,10,2023,hop,10 nodes,0,10,2,2024-05-09 15:17:27.485,2025-06-13 23:57:05.716
Quorum,torus,GAFAM,8,16,10,2023,hop,40 nodes,0,14,4,2024-04-21 22:48:03.928,2025-06-14 12:05:47.654
Quorum,torus,Gaming,8,16,10,2023,hop,10 nodes,0,11,2,2024-05-09 16:09:15.949,2025-06-14 09:30:41.644
Quorum,torus,Gaming,8,16,10,2023,hop,40 nodes,0,13,3,2024-04-21 23:16:44.334,2025-06-14 22:51:15.406
Quorum,torus,PayPal,8,16,10,2023,hop,10 nodes,0,11,2,2024-05-09 15:06:15.738,2025-06-14 01:36:11.312
Quorum,torus,PayPal,8,16,10,2023,hop,40 nodes,0,13,3,2024-05-04 16:00:47.513,2025-06-14 13:59:30.291
Quorum,torus,VISA,8,16,10,2023,hop,10 nodes,0,11,2,2024-05-09 20:30:00.692,2025-06-14 03:13:50.280
Quorum,torus,VISA,8,16,10,2023,hop,40 nodes,0,18,5,2024-05-04 16:12:41.179,2025-06-14 15:52:57.750
Solana,fat-tree,DDoS,8,16,10,2023,hop,10 nodes,0,13,3,2024-05-10 14:41:54.782,2025-07-08 01:19:45.648
Solana,fat-tree,DDoS,8,16,10,2023,hop,40 nodes,0,13,3,2024-05-27 02:35:47.453,2025-07-08 16:51:38.511
Solana,fat-tree,FIFA,8,16,10,2023,hop,10 nodes,0,14,4,2024-05-10 15:00:08.538,2025-07-08 04:19:47.182
Solana,fat-tree,FIFA,8,16,10,2023,hop,40 nodes,0,13,3,2024-05-27 02:56:26.302,2025-07-08 20:06:34.105
Solana,fat-tree,GAFAM,8,16,10,2023,hop,10 nodes,0,13,3,2024-05-10 14:19:50.988,2025-07-07 19:48:57.780
Solana,fat-tree,GAFAM,8,16,10,2023,hop,40 nodes,0,13,3,2024-05-27 02:12:18.927,2025-07-08 10:37:57.062
Solana,fat-tree,Gaming,8,16,10,2023,hop,10 nodes,0,12,3,2024-05-10 18:17:15.819,2025-07-08 07:19:26.950
Solana,fat-tree,Gaming,8,16,10,2023,hop,40 nodes,0,13,3,2024-05-27 03:15:58.372,2025-07-08 23:19:30.756
Solana,fat-tree,PayPal,8,16,10,2023,hop,10 nodes,0,13,3,2024-05-10 14:07:54.926,2025-07-07 21:32:51.713
Solana,fat-tree,PayPal,8,16,10,2023,hop,40 nodes,0,13,3,2024-05-27 01:57:13.011,2025-07-08 12:34:51.908
Solana,fat-tree,VISA,8,16,10,2023,hop,10 nodes,0,13,3,2024-05-10 14:31:04.412,2025-07-07 23:16:42.375
Solana,fat-tree,VISA,8,16,10,2023,hop,40 nodes,0,13,3,2024-05-27 02:23:26.244,2025-07-08 14:33:48.098
Solana,full mesh,DDoS,8,16,10,2023,hop,10 nodes,0,14,3,2024-05-10 01:19:52.405,2025-07-04 05:32:11.012
Solana,full mesh,DDoS,8,16,10,2023,hop,40 nodes,0,13,3,2024-05-27 00:20:42.319,2025-07-04 20:33:49.106
Solana,full mesh,FIFA,8,16,10,2023,hop,10 nodes,0,13,3,2024-05-10 01:38:41.918,2025-07-04 08:28:58.662
Solana,full mesh,FIFA,8,16,10,2023,hop,40 nodes,0,13,3,2024-05-27 00:42:07.124,2025-07-04 23:42:44.100
Solana,full mesh,GAFAM,8,16,10,2023,hop,10 nodes,0,13,3,2024-05-10 00:58:03.590,2025-07-04 00:07:15.268
Solana,full mesh,GAFAM,8,16,10,2023,hop,40 nodes,0,13,3,2024-05-26 23:58:12.261,2025-07-04 14:37:47.987
Solana,full mesh,Gaming,8,16,10,2023,hop,10 nodes,0,16,4,2024-05-10 01:57:08.005,2025-07-04 11:25:13.602
Solana,full mesh,Gaming,8,16,10,2023,hop,40 nodes,0,13,3,2024-05-27 01:00:44.741,2025-07-05 02:49:22.356
Solana,full mesh,PayPal,8,16,10,2023,hop,10 nodes,0,14,3,2024-05-10 00:46:44.722,2025-07-04 01:49:26.384
Solana,full mesh,PayPal,8,16,10,2023,hop,40 nodes,0,13,3,2024-05-26 23:43:47.032,2025-07-04 16:28:34.745
Solana,full mesh,VISA,8,16,10,2023,hop,10 nodes,0,16,4,2024-05-10 01:09:18.924,2025-07-04 03:31:27.892
Solana,full mesh,VISA,8,16,10,2023,hop,40 nodes,0,13,3,2024-05-27 00:08:56.852,2025-07-04 18:22:04.640
Solana,hypercube,DDoS,8,16,10,2023,hop,10 nodes,0,14,3,2024-05-10 16:43:18.094,2025-07-15 08:13:21.583
Solana,hypercube,DDoS,8,16,10,2023,hop,40 nodes,0,13,3,2024-05-27 05:35:50.088,2025-07-10 04:58:35.244
Solana,hypercube,FIFA,8,16,10,2023,hop,10 nodes,0,13,3,2024-05-10 17:01:02.969,2025-07-15 11:13:44.075
Solana,hypercube,FIFA,8,16,10,2023,hop,40 nodes,0,13,3,2024-05-27 05:55:57.504,2025-07-10 08:12:05.668
Solana,hypercube,GAFAM,8,16,10,2023,hop,10 nodes,0,13,3,2024-05-10 16:21:37.865,2025-07-15 02:39:16.081
Solana,hypercube,GAFAM,8,16,10,2023,hop,40 nodes,0,13,3,2024-05-27 05:13:04.311,2025-07-09 22:52:06.733
Solana,hypercube,Gaming,8,16,10,2023,hop,10 nodes,0,16,4,2024-05-10 17:18:15.229,2025-07-15 14:13:29.339
Solana,hypercube,Gaming,8,16,10,2023,hop,40 nodes,0,13,3,2024-05-27 06:14:58.667,2025-07-10 11:23:30.755
Solana,hypercube,PayPal,8,16,10,2023,hop,10 nodes,0,15,4,2024-05-10 16:10:02.322,2025-07-15 04:24:27.837
Solana,hypercube,PayPal,8,16,10,2023,hop,40 nodes,0,13,3,2024-05-27 04:58:05.173,2025-07-10 00:46:48.893
Solana,hypercube,VISA,8,16,10,2023,hop,10 nodes,0,15,4,2024-05-10 16:32:42.026,2025-07-15 06:09:20.955
Solana,hypercube,VISA,8,16,10,2023,hop,40 nodes,0,13,3,2024-05-27 05:23:45.889,2025-07-10 02:42:51.748
Solana,scale-free,DDoS,8,16,10,2023,hop,10 nodes,0,22,4,2024-05-10 10:38:32.513,2025-07-14 17:33:12.986
Solana,scale-free,DDoS,8,16,10,2023,hop,40 nodes,0,13,3,2024-05-28 04:52:29.782,2025-07-06 03:26:12.460
Solana,scale-free,FIFA,8,16,10,2023,hop,10 nodes,0,19,5,2024-05-10 08:58:29.350,2025-07-14 20:40:19.005
Solana,scale-free,FIFA,8,16,10,2023,hop,40 nodes,0,13,3,2024-05-28 05:13:49.299,2025-07-06 06:47:36.566
Solana,scale-free,GAFAM,8,16,10,2023,hop,10 nodes,0,15,4,2024-05-10 08:18:45.404,2025-07-14 11:30:25.011
Solana,scale-free,GAFAM,8,16,10,2023,hop,40 nodes,0,13,3,2024-05-28 04:29:06.768,2025-07-05 20:58:12.953
Solana,scale-free,Gaming,8,16,10,2023,hop,10 nodes,0,20,5,2024-05-10 09:15:59.199,2025-07-14 23:45:19.385
Solana,scale-free,Gaming,8,16,10,2023,hop,40 nodes,0,13,3,2024-05-28 05:32:02.694,2025-07-06 10:06:57.326
Solana,scale-free,PayPal,8,16,10,2023,hop,10 nodes,0,24,5,2024-05-10 08:07:12.264,2025-07-14 13:32:17.810
Solana,scale-free,PayPal,8,16,10,2023,hop,40 nodes,0,13,3,2024-05-28 04:13:15.692,2025-07-05 22:59:20.132
Solana,scale-free,VISA,8,16,10,2023,hop,10 nodes,0,26,6,2024-05-10 08:29:56.814,2025-07-14 15:23:35.891
Solana,scale-free,VISA,8,16,10,2023,hop,40 nodes,0,13,3,2024-05-28 04:39:56.843,2025-07-06 01:02:56.408
Solana,torus,DDoS,8,16,10,2023,hop,10 nodes,0,13,3,2024-05-10 12:39:25.261,2025-07-06 18:37:06.933
Solana,torus,DDoS,8,16,10,2023,hop,40 nodes,0,13,3,2024-05-22 07:03:53.933,2025-07-07 10:19:20.047
Solana,torus,FIFA,8,16,10,2023,hop,10 nodes,0,13,3,2024-05-10 12:57:53.355,2025-07-06 21:38:08.490
Solana,torus,FIFA,8,16,10,2023,hop,40 nodes,0,13,3,2024-05-22 07:24:14.729,2025-07-07 13:35:47.498
Solana,torus,GAFAM,8,16,10,2023,hop,10 nodes,0,13,3,2024-05-10 12:17:10.371,2025-07-06 13:02:59.681
Solana,torus,GAFAM,8,16,10,2023,hop,40 nodes,0,13,3,2024-05-22 06:40:38.582,2025-07-07 03:59:03.027
Solana,torus,Gaming,8,16,10,2023,hop,10 nodes,0,14,3,2024-05-10 13:15:40.000,2025-07-07 00:38:56.396
Solana,torus,Gaming,8,16,10,2023,hop,40 nodes,0,13,3,2024-05-22 07:43:45.581,2025-07-07 16:51:44.839
Solana,torus,PayPal,8,16,10,2023,hop,10 nodes,0,13,3,2024-05-10 12:05:01.224,2025-07-06 14:48:07.172
Solana,torus,PayPal,8,16,10,2023,hop,40 nodes,0,13,3,2024-05-22 06:25:28.428,2025-07-07 05:58:04.413
Solana,torus,VISA,8,16,10,2023,hop,10 nodes,0,16,4,2024-05-10 12:28:30.716,2025-07-06 16:32:36.283
Solana,torus,VISA,8,16,10,2023,hop,40 nodes,0,13,3,2024-05-22 06:51:34.152,2025-07-07 07:59:43.949
