blockchain,mode,workload,cores,ram,secondaries,dataset,link_strategy,network_size,dynamic,n_observed,n_submitted,n_positive_commit,n_zero_commit,n_no_submission,n_inconsistent,n_tps_valid,n_tps_censored,n_tps_point_valid,n_latency_valid,n_energy_valid_observed,n_energy_valid_positive_commit,n_network_valid_observed,service_regime_derived
Algorand,fat-tree,DDoS,8,16,10,2023,hop,10 nodes,0,13,13,13,0,0,0,13,0,13,13,13,13,13,all_positive_commit
Algorand,fat-tree,DDoS,8,16,10,2023,hop,40 nodes,0,13,13,13,0,0,0,13,0,13,13,13,13,13,all_positive_commit
Algorand,fat-tree,FIFA,8,16,10,2023,hop,10 nodes,0,16,16,16,0,0,0,16,0,16,16,16,16,16,all_positive_commit
Algorand,fat-tree,FIFA,8,16,10,2023,hop,40 nodes,0,13,13,13,0,0,0,13,0,13,13,13,13,13,all_positive_commit
Algorand,fat-tree,GAFAM,8,16,10,2023,hop,10 nodes,0,13,13,13,0,0,0,13,0,13,13,13,13,13,all_positive_commit
Algorand,fat-tree,GAFAM,8,16,10,2023,hop,40 nodes,0,13,13,13,0,0,0,13,0,13,13,13,13,13,all_positive_commit
Algorand,fat-tree,Gaming,8,16,10,2023,hop,10 nodes,0,13,13,13,0,0,0,13,0,13,13,13,13,13,all_positive_commit
Algorand,fat-tree,Gaming,8,16,10,2023,hop,40 nodes,0,13,13,13,0,0,0,13,0,13,13,13,13,13,all_positive_commit
Algorand,fat-tree,PayPal,8,16,10,2023,hop,10 nodes,0,13,13,13,0,0,0,13,0,13,13,13,13,13,all_positive_commit
Algorand,fat-tree,PayPal,8,16,10,2023,hop,40 nodes,0,13,13,13,0,0,0,13,0,13,13,13,13,13,all_positive_commit
Algorand,fat-tree,VISA,8,16,10,2023,hop,10 nodes,0,13,13,13,0,0,0,13,0,13,13,13,13,13,all_positive_commit
Algorand,fat-tree,VISA,8,16,10,2023,hop,40 nodes,0,13,13,13,0,0,0,13,0,13,13,13,13,13,all_positive_commit
Algorand,full mesh,DDoS,8,16,10,2023,hop,10 nodes,0,14,14,14,0,0,0,14,0,14,14,14,14,14,all_positive_commit
Algorand,full mesh,DDoS,8,16,10,2023,hop,40 nodes,0,13,13,13,0,0,0,13,0,13,13,13,13,13,all_positive_commit
Algorand,full mesh,FIFA,8,16,10,2023,hop,10 nodes,0,14,14,14,0,0,0,14,0,14,14,14,14,14,all_positive_commit
Algorand,full mesh,FIFA,8,16,10,2023,hop,40 nodes,0,13,13,13,0,0,0,13,0,13,13,13,13,13,all_positive_commit
Algorand,full mesh,GAFAM,8,16,10,2023,hop,10 nodes,0,14,14,14,0,0,0,14,0,14,14,14,14,14,all_positive_commit
Algorand,full mesh,GAFAM,8,16,10,2023,hop,40 nodes,0,13,13,13,0,0,0,13,0,13,13,13,13,13,all_positive_commit
Algorand,full mesh,Gaming,8,16,10,2023,hop,10 nodes,0,13,13,13,0,0,0,13,0,13,13,13,13,13,all_positive_commit
Algorand,full mesh,Gaming,8,16,10,2023,hop,40 nodes,0,13,13,13,0,0,0,13,0,13,13,13,13,13,all_positive_commit
Algorand,full mesh,PayPal,8,16,10,2023,hop,10 nodes,0,13,13,13,0,0,0,13,0,13,13,13,13,13,all_positive_commit
Algorand,full mesh,PayPal,8,16,10,2023,hop,40 nodes,0,13,13,13,0,0,0,13,0,13,13,13,13,13,all_positive_commit
Algorand,full mesh,VISA,8,16,10,2023,hop,10 nodes,0,13,13,13,0,0,0,13,0,13,13,13,13,13,all_positive_commit
Algorand,full mesh,VISA,8,16,10,2023,hop,40 nodes,0,13,13,13,0,0,0,13,0,13,13,13,13,13,all_positive_commit
Algorand,hypercube,DDoS,8,16,10,2023,hop,10 nodes,0,13,13,13,0,0,0,13,0,13,13,13,13,13,all_positive_commit
Algorand,hypercube,DDoS,8,16,10,2023,hop,40 nodes,0,13,13,13,0,0,0,13,0,13,13,13,13,13,all_positive_commit
Algorand,hypercube,FIFA,8,16,10,2023,hop,10 nodes,0,13,13,13,0,0,0,13,0,13,13,13,13,13,all_positive_commit
Algorand,hypercube,FIFA,8,16,10,2023,hop,40 nodes,0,13,13,13,0,0,0,13,0,13,13,13,13,13,all_positive_commit
Algorand,hypercube,GAFAM,8,16,10,2023,hop,10 nodes,0,13,13,13,0,0,0,13,0,13,13,13,13,13,all_positive_commit
Algorand,hypercube,GAFAM,8,16,10,2023,hop,40 nodes,0,13,13,13,0,0,0,13,0,13,13,13,13,13,all_positive_commit
Algorand,hypercube,Gaming,8,16,10,2023,hop,10 nodes,0,13,13,13,0,0,0,13,0,13,13,13,13,13,all_positive_commit
Algorand,hypercube,Gaming,8,16,10,2023,hop,40 nodes,0,13,13,13,0,0,0,13,0,13,13,13,13,13,all_positive_commit
Algorand,hypercube,PayPal,8,16,10,2023,hop,10 nodes,0,13,13,13,0,0,0,13,0,13,13,13,13,13,all_positive_commit
Algorand,hypercube,PayPal,8,16,10,2023,hop,40 nodes,0,13,13,13,0,0,0,13,0,13,13,13,13,13,all_positive_commit
Algorand,hypercube,VISA,8,16,10,2023,hop,10 nodes,0,13,13,13,0,0,0,13,0,13,13,13,13,13,all_positive_commit
Algorand,hypercube,VISA,8,16,10,2023,hop,40 nodes,0,13,13,13,0,0,0,13,0,13,13,13,13,13,all_positive_commit
Algorand,scale-free,DDoS,8,16,10,2023,hop,10 nodes,0,13,13,13,0,0,0,13,0,13,13,13,13,13,all_positive_commit
Algorand,scale-free,DDoS,8,16,10,2023,hop,40 nodes,0,13,13,13,0,0,0,13,0,13,13,13,13,13,all_positive_commit
Algorand,scale-free,FIFA,8,16,10,2023,hop,10 nodes,0,17,17,17,0,0,0,17,0,17,17,17,17,17,all_positive_commit
Algorand,scale-free,FIFA,8,16,10,2023,hop,40 nodes,0,11,11,11,0,0,0,11,0,11,11,11,11,11,all_positive_commit
Algorand,scale-free,GAFAM,8,16,10,2023,hop,10 nodes,0,13,13,13,0,0,0,13,0,13,13,13,13,13,all_positive_commit
Algorand,scale-free,GAFAM,8,16,10,2023,hop,40 nodes,0,13,13,13,0,0,0,13,0,13,13,13,13,13,all_positive_commit
Algorand,scale-free,Gaming,8,16,10,2023,hop,10 nodes,0,12,12,12,0,0,0,12,0,12,12,12,12,12,all_positive_commit
Algorand,scale-free,Gaming,8,16,10,2023,hop,40 nodes,0,13,13,13,0,0,0,13,0,13,13,13,13,13,all_positive_commit
Algorand,scale-free,PayPal,8,16,10,2023,hop,10 nodes,0,13,13,13,0,0,0,13,0,13,13,13,13,13,all_positive_commit
Algorand,scale-free,PayPal,8,16,10,2023,hop,40 nodes,0,13,13,13,0,0,0,13,0,13,13,13,13,13,all_positive_commit
Algorand,scale-free,VISA,8,16,10,2023,hop,10 nodes,0,13,13,13,0,0,0,13,0,13,13,13,13,13,all_positive_commit
Algorand,scale-free,VISA,8,16,10,2023,hop,40 nodes,0,13,13,13,0,0,0,13,0,13,13,13,13,13,all_positive_commit
Algorand,torus,DDoS,8,16,10,2023,hop,10 nodes,0,13,13,13,0,0,0,13,0,13,13,13,13,13,all_positive_commit
Algorand,torus,DDoS,8,16,10,2023,hop,40 nodes,0,13,13,13,0,0,0,13,0,13,13,13,13,13,all_positive_commit
Algorand,torus,FIFA,8,16,10,2023,hop,10 nodes,0,13,13,13,0,0,0,13,0,13,13,13,13,13,all_positive_commit
Algorand,torus,FIFA,8,16,10,2023,hop,40 nodes,0,13,13,13,0,0,0,13,0,13,13,13,13,13,all_positive_commit
Algorand,torus,GAFAM,8,16,10,2023,hop,10 nodes,0,13,13,13,0,0,0,13,0,13,13,13,13,13,all_positive_commit
Algorand,torus,GAFAM,8,16,10,2023,hop,40 nodes,0,13,13,13,0,0,0,13,0,13,13,13,13,13,all_positive_commit
Algorand,torus,Gaming,8,16,10,2023,hop,10 nodes,0,13,13,13,0,0,0,13,0,13,13,13,13,13,all_positive_commit
Algorand,torus,Gaming,8,16,10,2023,hop,40 nodes,0,13,13,13,0,0,0,13,0,13,13,13,13,13,all_positive_commit
Algorand,torus,PayPal,8,16,10,2023,hop,10 nodes,0,13,13,13,0,0,0,13,0,13,13,13,13,13,all_positive_commit
Algorand,torus,PayPal,8,16,10,2023,hop,40 nodes,0,13,13,13,0,0,0,13,0,13,13,13,13,13,all_positive_commit
Algorand,torus,VISA,8,16,10,2023,hop,10 nodes,0,13,13,13,0,0,0,13,0,13,13,13,13,13,all_positive_commit
Algorand,torus,VISA,8,16,10,2023,hop,40 nodes,0,13,13,13,0,0,0,13,0,13,13,13,13,13,all_positive_commit
Diem,fat-tree,DDoS,8,16,10,2023,hop,10 nodes,0,13,13,13,0,0,0,13,0,13,13,13,13,13,all_positive_commit
Diem,fat-tree,DDoS,8,16,10,2023,hop,40 nodes,0,20,20,20,0,0,0,20,0,20,20,20,20,20,all_positive_commit
Diem,fat-tree,FIFA,8,16,10,2023,hop,10 nodes,0,13,13,13,0,0,0,13,0,13,13,13,13,13,all_positive_commit
Diem,fat-tree,FIFA,8,16,10,2023,hop,40 nodes,0,21,21,21,0,0,0,21,0,21,21,21,21,21,all_positive_commit
Diem,fat-tree,GAFAM,8,16,10,2023,hop,10 nodes,0,13,13,13,0,0,0,13,0,13,13,13,13,13,all_positive_commit
Diem,fat-tree,GAFAM,8,16,10,2023,hop,40 nodes,0,19,19,19,0,0,0,19,0,19,19,19,19,19,all_positive_commit
Diem,fat-tree,Gaming,8,16,10,2023,hop,10 nodes,0,13,13,13,0,0,0,13,0,13,13,13,13,13,all_positive_commit
Diem,fat-tree,Gaming,8,16,10,2023,hop,40 nodes,0,25,25,25,0,0,0,25,0,25,25,25,25,25,all_positive_commit
Diem,fat-tree,PayPal,8,16,10,2023,hop,10 nodes,0,13,13,13,0,0,0,13,0,13,13,13,13,13,all_positive_commit
Diem,fat-tree,PayPal,8,16,10,2023,hop,40 nodes,0,23,23,23,0,0,0,23,0,23,23,23,23,23,all_positive_commit
Diem,fat-tree,VISA,8,16,10,2023,hop,10 nodes,0,11,11,11,0,0,0,11,0,11,11,11,11,11,all_positive_commit
Diem,fat-tree,VISA,8,16,10,2023,hop,40 nodes,0,23,23,23,0,0,0,23,0,23,23,23,23,23,all_positive_commit
Diem,full mesh,DDoS,8,16,10,2023,hop,10 nodes,0,13,13,13,0,0,0,13,0,13,13,13,13,13,all_positive_commit
Diem,full mesh,DDoS,8,16,10,2023,hop,40 nodes,0,11,11,11,0,0,0,11,0,11,11,11,11,11,all_positive_commit
Diem,full mesh,FIFA,8,16,10,2023,hop,10 nodes,0,13,13,13,0,0,0,13,0,13,13,13,13,13,all_positive_commit
Diem,full mesh,FIFA,8,16,10,2023,hop,40 nodes,0,11,11,11,0,0,0,11,0,11,11,11,11,11,all_positive_commit
Diem,full mesh,GAFAM,8,16,10,2023,hop,10 nodes,0,12,12,12,0,0,0,12,0,12,12,12,12,12,all_positive_commit
Diem,full mesh,GAFAM,8,16,10,2023,hop,40 nodes,0,13,13,13,0,0,0,13,0,13,13,13,13,13,all_positive_commit
Diem,full mesh,Gaming,8,16,10,2023,hop,10 nodes,0,13,13,13,0,0,0,13,0,13,13,13,13,13,all_positive_commit
Diem,full mesh,Gaming,8,16,10,2023,hop,40 nodes,0,12,12,12,0,0,0,12,0,12,12,12,12,12,all_positive_commit
Diem,full mesh,PayPal,8,16,10,2023,hop,10 nodes,0,13,13,13,0,0,0,13,0,13,13,13,13,13,all_positive_commit
Diem,full mesh,PayPal,8,16,10,2023,hop,40 nodes,0,13,13,13,0,0,0,13,0,13,13,13,13,13,all_positive_commit
Diem,full mesh,VISA,8,16,10,2023,hop,10 nodes,0,13,13,13,0,0,0,13,0,13,13,13,13,13,all_positive_commit
Diem,full mesh,VISA,8,16,10,2023,hop,40 nodes,0,12,12,12,0,0,0,12,0,12,12,12,12,12,all_positive_commit
Diem,hypercube,DDoS,8,16,10,2023,hop,10 nodes,0,13,13,13,0,0,0,13,0,13,13,13,13,13,all_positive_commit
Diem,hypercube,DDoS,8,16,10,2023,hop,40 nodes,0,12,12,12,0,0,0,12,0,12,12,12,12,12,all_positive_commit
Diem,hypercube,FIFA,8,16,10,2023,hop,10 nodes,0,13,13,13,0,0,0,13,0,13,13,13,13,13,all_positive_commit
Diem,hypercube,FIFA,8,16,10,2023,hop,40 nodes,0,9,9,9,0,0,0,9,0,9,9,9,9,9,all_positive_commit
Diem,hypercube,GAFAM,8,16,10,2023,hop,10 nodes,0,13,13,13,0,0,0,13,0,13,13,13,13,13,all_positive_commit
Diem,hypercube,GAFAM,8,16,10,2023,hop,40 nodes,0,10,10,10,0,0,0,10,0,10,10,10,10,10,all_positive_commit
Diem,hypercube,Gaming,8,16,10,2023,hop,10 nodes,0,13,13,13,0,0,0,13,0,13,13,13,13,13,all_positive_commit
Diem,hypercube,Gaming,8,16,10,2023,hop,40 nodes,0,10,10,10,0,0,0,10,0,10,10,10,10,10,all_positive_commit
Diem,hypercube,PayPal,8,16,10,2023,hop,10 nodes,0,13,13,13,0,0,0,13,0,13,13,13,13,13,all_positive_commit
Diem,hypercube,PayPal,8,16,10,2023,hop,40 nodes,0,11,11,11,0,0,0,11,0,11,11,11,11,11,all_positive_commit
Diem,hypercube,VISA,8,16,10,2023,hop,10 nodes,0,12,12,12,0,0,0,12,0,12,12,12,12,12,all_positive_commit
Diem,hypercube,VISA,8,16,10,2023,hop,40 nodes,0,9,9,9,0,0,0,9,0,9,9,9,9,9,all_positive_commit
Diem,scale-free,DDoS,8,16,10,2023,hop,10 nodes,0,13,13,13,0,0,0,13,0,13,13,13,13,13,all_positive_commit
Diem,scale-free,DDoS,8,16,10,2023,hop,40 nodes,0,19,19,18,1,0,0,18,0,18,18,19,18,19,mixed_outcomes
Diem,scale-free,FIFA,8,16,10,2023,hop,10 nodes,0,12,12,12,0,0,0,12,0,12,12,12,12,12,all_positive_commit
Diem,scale-free,FIFA,8,16,10,2023,hop,40 nodes,0,18,18,18,0,0,0,18,0,18,18,18,18,18,all_positive_commit
Diem,scale-free,GAFAM,8,16,10,2023,hop,10 nodes,0,14,14,14,0,0,0,14,0,14,14,14,14,14,all_positive_commit
Diem,scale-free,GAFAM,8,16,10,2023,hop,40 nodes,0,16,16,16,0,0,0,16,0,16,16,16,16,16,all_positive_commit
Diem,scale-free,Gaming,8,16,10,2023,hop,10 nodes,0,13,13,13,0,0,0,13,0,13,13,13,13,13,all_positive_commit
Diem,scale-free,Gaming,8,16,10,2023,hop,40 nodes,0,17,17,17,0,0,0,17,0,17,17,17,17,17,all_positive_commit
Diem,scale-free,PayPal,8,16,10,2023,hop,10 nodes,0,13,13,13,0,0,0,13,0,13,13,13,13,13,all_positive_commit
Diem,scale-free,PayPal,8,16,10,2023,hop,40 nodes,0,19,19,19,0,0,0,19,0,19,19,19,19,19,all_positive_commit
Diem,scale-free,VISA,8,16,10,2023,hop,10 nodes,0,12,12,12,0,0,0,12,0,12,12,12,12,12,all_positive_commit
Diem,scale-free,VISA,8,16,10,2023,hop,40 nodes,0,19,19,19,0,0,0,19,0,19,19,19,19,19,all_positive_commit
Diem,torus,DDoS,8,16,10,2023,hop,10 nodes,0,13,13,13,0,0,0,13,0,13,13,13,13,13,all_positive_commit
Diem,torus,DDoS,8,16,10,2023,hop,40 nodes,0,10,10,10,0,0,0,10,0,10,10,10,10,10,all_positive_commit
Diem,torus,FIFA,8,16,10,2023,hop,10 nodes,0,13,13,13,0,0,0,13,0,13,13,13,13,13,all_positive_commit
Diem,torus,FIFA,8,16,10,2023,hop,40 nodes,0,9,9,9,0,0,0,9,0,9,9,9,9,9,all_positive_commit
Diem,torus,GAFAM,8,16,10,2023,hop,10 nodes,0,13,13,13,0,0,0,13,0,13,13,13,13,13,all_positive_commit
Diem,torus,GAFAM,8,16,10,2023,hop,40 nodes,0,13,13,13,0,0,0,13,0,13,13,13,13,13,all_positive_commit
Diem,torus,Gaming,8,16,10,2023,hop,10 nodes,0,12,12,12,0,0,0,12,0,12,12,12,12,12,all_positive_commit
Diem,torus,Gaming,8,16,10,2023,hop,40 nodes,0,11,11,11,0,0,0,11,0,11,11,11,11,11,all_positive_commit
Diem,torus,PayPal,8,16,10,2023,hop,10 nodes,0,12,12,12,0,0,0,12,0,12,12,12,12,12,all_positive_commit
Diem,torus,PayPal,8,16,10,2023,hop,40 nodes,0,12,12,12,0,0,0,12,0,12,12,12,12,12,all_positive_commit
Diem,torus,VISA,8,16,10,2023,hop,10 nodes,0,13,13,13,0,0,0,13,0,13,13,13,13,13,all_positive_commit
Diem,torus,VISA,8,16,10,2023,hop,40 nodes,0,13,13,13,0,0,0,13,0,13,13,13,13,13,all_positive_commit
Ethereum,fat-tree,DDoS,8,16,10,2023,hop,10 nodes,0,13,13,13,0,0,0,13,0,13,13,13,13,13,all_positive_commit
Ethereum,fat-tree,DDoS,8,16,10,2023,hop,40 nodes,0,13,13,13,0,0,0,13,0,13,13,13,13,13,all_positive_commit
Ethereum,fat-tree,FIFA,8,16,10,2023,hop,10 nodes,0,14,14,14,0,0,0,14,0,14,14,14,14,14,all_positive_commit
Ethereum,fat-tree,FIFA,8,16,10,2023,hop,40 nodes,0,13,13,13,0,0,0,13,0,13,13,13,13,13,all_positive_commit
Ethereum,fat-tree,GAFAM,8,16,10,2023,hop,10 nodes,0,13,13,13,0,0,0,13,0,13,13,13,13,13,all_positive_commit
Ethereum,fat-tree,GAFAM,8,16,10,2023,hop,40 nodes,0,13,13,13,0,0,0,13,0,13,13,13,13,13,all_positive_commit
Ethereum,fat-tree,Gaming,8,16,10,2023,hop,10 nodes,0,13,13,13,0,0,0,13,0,13,13,13,13,13,all_positive_commit
Ethereum,fat-tree,Gaming,8,16,10,2023,hop,40 nodes,0,13,13,13,0,0,0,13,0,13,13,13,13,13,all_positive_commit
Ethereum,fat-tree,PayPal,8,16,10,2023,hop,10 nodes,0,14,14,14,0,0,0,14,0,14,14,14,14,14,all_positive_commit
Ethereum,fat-tree,PayPal,8,16,10,2023,hop,40 nodes,0,13,13,13,0,0,0,13,0,13,13,13,13,13,all_positive_commit
Ethereum,fat-tree,VISA,8,16,10,2023,hop,10 nodes,0,13,13,13,0,0,0,13,0,13,13,13,13,13,all_positive_commit
Ethereum,fat-tree,VISA,8,16,10,2023,hop,40 nodes,0,13,13,13,0,0,0,13,0,13,13,13,13,13,all_positive_commit
Ethereum,full mesh,DDoS,8,16,10,2023,hop,10 nodes,0,11,11,11,0,0,0,11,0,11,11,11,11,11,all_positive_commit
Ethereum,full mesh,DDoS,8,16,10,2023,hop,40 nodes,0,13,13,13,0,0,0,13,0,13,13,13,13,13,all_positive_commit
Ethereum,full mesh,FIFA,8,16,10,2023,hop,10 nodes,0,13,13,13,0,0,0,13,0,13,13,13,13,13,all_positive_commit
Ethereum,full mesh,FIFA,8,16,10,2023,hop,40 nodes,0,13,13,13,0,0,0,13,0,13,13,13,13,13,all_positive_commit
Ethereum,full mesh,GAFAM,8,16,10,2023,hop,10 nodes,0,13,13,13,0,0,0,13,0,13,13,13,13,13,all_positive_commit
Ethereum,full mesh,GAFAM,8,16,10,2023,hop,40 nodes,0,13,13,13,0,0,0,13,0,13,13,13,13,13,all_positive_commit
Ethereum,full mesh,Gaming,8,16,10,2023,hop,10 nodes,0,13,13,13,0,0,0,13,0,13,13,13,13,13,all_positive_commit
Ethereum,full mesh,Gaming,8,16,10,2023,hop,40 nodes,0,13,13,13,0,0,0,13,0,13,13,13,13,13,all_positive_commit
Ethereum,full mesh,PayPal,8,16,10,2023,hop,10 nodes,0,13,13,13,0,0,0,13,0,13,13,13,13,13,all_positive_commit
Ethereum,full mesh,PayPal,8,16,10,2023,hop,40 nodes,0,13,13,13,0,0,0,13,0,13,13,13,13,13,all_positive_commit
Ethereum,full mesh,VISA,8,16,10,2023,hop,10 nodes,0,13,13,13,0,0,0,13,0,13,13,13,13,13,all_positive_commit
Ethereum,full mesh,VISA,8,16,10,2023,hop,40 nodes,0,13,13,13,0,0,0,13,0,13,13,13,13,13,all_positive_commit
Ethereum,hypercube,DDoS,8,16,10,2023,hop,10 nodes,0,13,13,13,0,0,0,13,0,13,13,13,13,13,all_positive_commit
Ethereum,hypercube,DDoS,8,16,10,2023,hop,40 nodes,0,13,13,13,0,0,0,13,0,13,13,13,13,13,all_positive_commit
Ethereum,hypercube,FIFA,8,16,10,2023,hop,10 nodes,0,12,12,12,0,0,0,12,0,12,12,12,12,12,all_positive_commit
Ethereum,hypercube,FIFA,8,16,10,2023,hop,40 nodes,0,13,13,13,0,0,0,13,0,13,13,13,13,13,all_positive_commit
Ethereum,hypercube,GAFAM,8,16,10,2023,hop,10 nodes,0,13,13,13,0,0,0,13,0,13,13,13,13,13,all_positive_commit
Ethereum,hypercube,GAFAM,8,16,10,2023,hop,40 nodes,0,13,13,13,0,0,0,13,0,13,13,13,13,13,all_positive_commit
Ethereum,hypercube,Gaming,8,16,10,2023,hop,10 nodes,0,13,13,13,0,0,0,13,0,13,13,13,13,13,all_positive_commit
Ethereum,hypercube,Gaming,8,16,10,2023,hop,40 nodes,0,13,13,13,0,0,0,13,0,13,13,13,13,13,all_positive_commit
Ethereum,hypercube,PayPal,8,16,10,2023,hop,10 nodes,0,14,14,14,0,0,0,14,0,14,14,14,14,14,all_positive_commit
Ethereum,hypercube,PayPal,8,16,10,2023,hop,40 nodes,0,13,13,13,0,0,0,13,0,13,13,13,13,13,all_positive_commit
Ethereum,hypercube,VISA,8,16,10,2023,hop,10 nodes,0,13,13,13,0,0,0,13,0,13,13,13,13,13,all_positive_commit
Ethereum,hypercube,VISA,8,16,10,2023,hop,40 nodes,0,13,13,13,0,0,0,13,0,13,13,13,13,13,all_positive_commit
Ethereum,scale-free,DDoS,8,16,10,2023,hop,10 nodes,0,14,14,14,0,0,0,14,0,14,14,14,14,14,all_positive_commit
Ethereum,scale-free,DDoS,8,16,10,2023,hop,40 nodes,0,13,13,13,0,0,0,13,0,13,13,13,13,13,all_positive_commit
Ethereum,scale-free,FIFA,8,16,10,2023,hop,10 nodes,0,13,13,13,0,0,0,13,0,13,13,13,13,13,all_positive_commit
Ethereum,scale-free,FIFA,8,16,10,2023,hop,40 nodes,0,13,13,13,0,0,0,13,0,13,13,13,13,13,all_positive_commit
Ethereum,scale-free,GAFAM,8,16,10,2023,hop,10 nodes,0,13,13,13,0,0,0,13,0,13,13,13,13,13,all_positive_commit
Ethereum,scale-free,GAFAM,8,16,10,2023,hop,40 nodes,0,13,13,13,0,0,0,13,0,13,13,13,13,13,all_positive_commit
Ethereum,scale-free,Gaming,8,16,10,2023,hop,10 nodes,0,13,13,13,0,0,0,13,0,13,13,13,13,13,all_positive_commit
Ethereum,scale-free,Gaming,8,16,10,2023,hop,40 nodes,0,13,13,13,0,0,0,13,0,13,13,13,13,13,all_positive_commit
Ethereum,scale-free,PayPal,8,16,10,2023,hop,10 nodes,0,13,13,13,0,0,0,13,0,13,13,13,13,13,all_positive_commit
Ethereum,scale-free,PayPal,8,16,10,2023,hop,40 nodes,0,13,13,13,0,0,0,13,0,13,13,13,13,13,all_positive_commit
Ethereum,scale-free,VISA,8,16,10,2023,hop,10 nodes,0,13,13,13,0,0,0,13,0,13,13,13,13,13,all_positive_commit
Ethereum,scale-free,VISA,8,16,10,2023,hop,40 nodes,0,13,13,13,0,0,0,13,0,13,13,13,13,13,all_positive_commit
Ethereum,torus,DDoS,8,16,10,2023,hop,10 nodes,0,14,14,14,0,0,0,14,0,14,14,14,14,14,all_positive_commit
Ethereum,torus,DDoS,8,16,10,2023,hop,40 nodes,0,13,13,13,0,0,0,13,0,13,13,13,13,13,all_positive_commit
Ethereum,torus,FIFA,8,16,10,2023,hop,10 nodes,0,16,16,16,0,0,0,16,0,16,16,16,16,16,all_positive_commit
Ethereum,torus,FIFA,8,16,10,2023,hop,40 nodes,0,13,13,13,0,0,0,13,0,13,13,13,13,13,all_positive_commit
Ethereum,torus,GAFAM,8,16,10,2023,hop,10 nodes,0,15,15,15,0,0,0,15,0,15,15,15,15,15,all_positive_commit
Ethereum,torus,GAFAM,8,16,10,2023,hop,40 nodes,0,13,13,13,0,0,0,13,0,13,13,13,13,13,all_positive_commit
Ethereum,torus,Gaming,8,16,10,2023,hop,10 nodes,0,15,14,14,0,1,0,14,0,14,14,15,14,15,mixed_outcomes
Ethereum,torus,Gaming,8,16,10,2023,hop,40 nodes,0,13,13,13,0,0,0,13,0,13,13,13,13,13,all_positive_commit
Ethereum,torus,PayPal,8,16,10,2023,hop,10 nodes,0,15,15,15,0,0,0,15,0,15,15,15,15,15,all_positive_commit
Ethereum,torus,PayPal,8,16,10,2023,hop,40 nodes,0,13,13,13,0,0,0,13,0,13,13,13,13,13,all_positive_commit
Ethereum,torus,VISA,8,16,10,2023,hop,10 nodes,0,15,15,15,0,0,0,15,0,15,15,15,15,15,all_positive_commit
Ethereum,torus,VISA,8,16,10,2023,hop,40 nodes,0,13,13,13,0,0,0,13,0,13,13,13,13,13,all_positive_commit
Quorum,fat-tree,DDoS,8,16,10,2023,hop,10 nodes,0,13,13,0,13,0,0,0,0,0,0,13,0,13,no_positive_commit
Quorum,fat-tree,DDoS,8,16,10,2023,hop,40 nodes,0,13,13,0,13,0,0,0,0,0,0,13,0,13,no_positive_commit
Quorum,fat-tree,FIFA,8,16,10,2023,hop,10 nodes,0,13,13,0,13,0,0,0,0,0,0,13,0,13,no_positive_commit
Quorum,fat-tree,FIFA,8,16,10,2023,hop,40 nodes,0,13,13,0,13,0,0,0,0,0,0,13,0,13,no_positive_commit
Quorum,fat-tree,GAFAM,8,16,10,2023,hop,10 nodes,0,15,15,10,5,0,0,10,0,10,10,15,10,15,mixed_outcomes
Quorum,fat-tree,GAFAM,8,16,10,2023,hop,40 nodes,0,16,16,8,8,0,0,8,0,8,8,16,8,16,mixed_outcomes
Quorum,fat-tree,Gaming,8,16,10,2023,hop,10 nodes,0,16,15,0,15,1,0,0,0,0,0,16,0,16,no_positive_commit
Quorum,fat-tree,Gaming,8,16,10,2023,hop,40 nodes,0,13,13,0,13,0,0,0,0,0,0,13,0,13,no_positive_commit
Quorum,fat-tree,PayPal,8,16,10,2023,hop,10 nodes,0,14,14,14,0,0,0,14,0,14,14,14,14,14,all_positive_commit
Quorum,fat-tree,PayPal,8,16,10,2023,hop,40 nodes,0,13,13,13,0,0,0,13,0,13,13,13,13,13,all_positive_commit
Quorum,fat-tree,VISA,8,16,10,2023,hop,10 nodes,0,13,13,3,10,0,0,3,0,3,3,13,3,13,mixed_outcomes
Quorum,fat-tree,VISA,8,16,10,2023,hop,40 nodes,0,14,14,14,0,0,0,14,0,14,14,14,14,14,all_positive_commit
Quorum,full mesh,DDoS,8,16,10,2023,hop,10 nodes,0,13,13,0,13,0,0,0,0,0,0,13,0,13,no_positive_commit
Quorum,full mesh,DDoS,8,16,10,2023,hop,40 nodes,0,13,13,0,13,0,0,0,0,0,0,13,0,13,no_positive_commit
Quorum,full mesh,FIFA,8,16,10,2023,hop,10 nodes,0,13,13,0,13,0,0,0,0,0,0,13,0,13,no_positive_commit
Quorum,full mesh,FIFA,8,16,10,2023,hop,40 nodes,0,13,13,0,13,0,0,0,0,0,0,13,0,13,no_positive_commit
Quorum,full mesh,GAFAM,8,16,10,2023,hop,10 nodes,0,13,13,10,3,0,0,10,0,10,10,13,10,13,mixed_outcomes
Quorum,full mesh,GAFAM,8,16,10,2023,hop,40 nodes,0,14,14,2,12,0,0,2,0,2,2,14,2,14,mixed_outcomes
Quorum,full mesh,Gaming,8,16,10,2023,hop,10 nodes,0,14,14,0,14,0,0,0,0,0,0,14,0,14,no_positive_commit
Quorum,full mesh,Gaming,8,16,10,2023,hop,40 nodes,0,13,13,0,13,0,0,0,0,0,0,13,0,13,no_positive_commit
Quorum,full mesh,PayPal,8,16,10,2023,hop,10 nodes,0,13,13,13,0,0,0,13,0,13,13,13,13,13,all_positive_commit
Quorum,full mesh,PayPal,8,16,10,2023,hop,40 nodes,0,13,13,13,0,0,0,13,0,13,13,13,13,13,all_positive_commit
Quorum,full mesh,VISA,8,16,10,2023,hop,10 nodes,0,14,14,10,4,0,0,10,2,8,10,14,10,14,mixed_outcomes
Quorum,full mesh,VISA,8,16,10,2023,hop,40 nodes,0,18,18,18,0,0,0,18,0,18,18,18,18,18,all_positive_commit
Quorum,hypercube,DDoS,8,16,10,2023,hop,10 nodes,0,13,13,0,13,0,0,0,0,0,0,13,0,13,no_positive_commit
Quorum,hypercube,DDoS,8,16,10,2023,hop,40 nodes,0,13,13,1,12,0,0,1,0,1,1,13,1,13,mixed_outcomes
Quorum,hypercube,FIFA,8,16,10,2023,hop,10 nodes,0,14,14,0,14,0,0,0,0,0,0,14,0,14,no_positive_commit
Quorum,hypercube,FIFA,8,16,10,2023,hop,40 nodes,0,13,13,0,13,0,0,0,0,0,0,13,0,13,no_positive_commit
Quorum,hypercube,GAFAM,8,16,10,2023,hop,10 nodes,0,13,13,13,0,0,0,13,0,13,13,13,13,13,all_positive_commit
Quorum,hypercube,GAFAM,8,16,10,2023,hop,40 nodes,0,13,13,6,7,0,0,6,1,5,6,13,6,13,mixed_outcomes
Quorum,hypercube,Gaming,8,16,10,2023,hop,10 nodes,0,17,17,0,17,0,0,0,0,0,0,17,0,17,no_positive_commit
Quorum,hypercube,Gaming,8,16,10,2023,hop,40 nodes,0,13,13,0,13,0,0,0,0,0,0,13,0,13,no_positive_commit
Quorum,hypercube,PayPal,8,16,10,2023,hop,10 nodes,0,17,17,17,0,0,0,17,0,17,17,17,17,17,all_positive_commit
Quorum,hypercube,PayPal,8,16,10,2023,hop,40 nodes,0,13,13,13,0,0,0,13,0,13,13,13,13,13,all_positive_commit
Quorum,hypercube,VISA,8,16,10,2023,hop,10 nodes,0,13,13,4,9,0,0,4,0,4,4,13,4,13,mixed_outcomes
Quorum,hypercube,VISA,8,16,10,2023,hop,40 nodes,0,15,15,15,0,0,0,15,1,14,15,15,15,15,all_positive_commit
Quorum,scale-free,DDoS,8,16,10,2023,hop,10 nodes,0,14,14,0,14,0,0,0,0,0,0,14,0,14,no_positive_commit
Quorum,scale-free,DDoS,8,16,10,2023,hop,40 nodes,0,16,16,0,16,0,0,0,0,0,0,16,0,16,no_positive_commit
Quorum,scale-free,FIFA,8,16,10,2023,hop,10 nodes,0,16,16,0,16,0,0,0,0,0,0,16,0,16,no_positive_commit
Quorum,scale-free,FIFA,8,16,10,2023,hop,40 nodes,0,16,16,0,16,0,0,0,0,0,0,16,0,16,no_positive_commit
Quorum,scale-free,GAFAM,8,16,10,2023,hop,10 nodes,0,12,12,12,0,0,0,12,0,12,12,12,12,12,all_positive_commit
Quorum,scale-free,GAFAM,8,16,10,2023,hop,40 nodes,0,17,17,7,10,0,0,7,0,7,7,17,7,17,mixed_outcomes
Quorum,scale-free,Gaming,8,16,10,2023,hop,10 nodes,0,14,14,0,14,0,0,0,0,0,0,14,0,14,no_positive_commit
Quorum,scale-free,Gaming,8,16,10,2023,hop,40 nodes,0,16,16,0,16,0,0,0,0,0,0,16,0,16,no_positive_commit
Quorum,scale-free,PayPal,8,16,10,2023,hop,10 nodes,0,15,15,15,0,0,0,15,0,15,15,15,15,15,all_positive_commit
Quorum,scale-free,PayPal,8,16,10,2023,hop,40 nodes,0,16,16,16,0,0,0,16,0,16,16,16,16,16,all_positive_commit
Quorum,scale-free,VISA,8,16,10,2023,hop,10 nodes,0,14,14,5,9,0,0,5,0,5,5,14,5,14,mixed_outcomes
Quorum,scale-free,VISA,8,16,10,2023,hop,40 nodes,0,17,17,12,5,0,0,12,0,12,12,17,12,17,mixed_outcomes
Quorum,torus,DDoS,8,16,10,2023,hop,10 nodes,0,11,11,0,11,0,0,0,0,0,0,11,0,11,no_positive_commit
Quorum,torus,DDoS,8,16,10,2023,hop,40 nodes,0,13,13,0,13,0,0,0,0,0,0,13,0,13,no_positive_commit
Quorum,torus,FIFA,8,16,10,2023,hop,10 nodes,0,11,11,0,11,0,0,0,0,0,0,11,0,11,no_positive_commit
Quorum,torus,FIFA,8,16,10,2023,hop,40 nodes,0,13,13,0,13,0,0,0,0,0,0,13,0,13,no_positive_commit
Quorum,torus,GAFAM,8,16,10,2023,hop,10 nodes,0,10,10,10,0,0,0,10,0,10,10,10,10,10,all_positive_commit
Quorum,torus,GAFAM,8,16,10,2023,hop,40 nodes,0,14,14,7,7,0,0,7,1,6,7,14,7,14,mixed_outcomes
Quorum,torus,Gaming,8,16,10,2023,hop,10 nodes,0,11,11,0,11,0,0,0,0,0,0,11,0,11,no_positive_commit
Quorum,torus,Gaming,8,16,10,2023,hop,40 nodes,0,13,13,0,13,0,0,0,0,0,0,13,0,13,no_positive_commit
Quorum,torus,PayPal,8,16,10,2023,hop,10 nodes,0,11,11,11,0,0,0,11,0,11,11,11,11,11,all_positive_commit
Quorum,torus,PayPal,8,16,10,2023,hop,40 nodes,0,13,13,13,0,0,0,13,0,13,13,13,13,13,all_positive_commit
Quorum,torus,VISA,8,16,10,2023,hop,10 nodes,0,11,11,3,8,0,0,3,1,2,3,11,3,11,mixed_outcomes
Quorum,torus,VISA,8,16,10,2023,hop,40 nodes,0,18,18,18,0,0,0,18,0,18,18,18,18,18,all_positive_commit
Solana,fat-tree,DDoS,8,16,10,2023,hop,10 nodes,0,13,13,11,2,0,0,11,0,11,11,13,11,13,mixed_outcomes
Solana,fat-tree,DDoS,8,16,10,2023,hop,40 nodes,0,13,13,0,13,0,0,0,0,0,0,13,0,13,no_positive_commit
Solana,fat-tree,FIFA,8,16,10,2023,hop,10 nodes,0,14,14,9,5,0,0,9,0,9,9,14,9,14,mixed_outcomes
Solana,fat-tree,FIFA,8,16,10,2023,hop,40 nodes,0,13,13,0,13,0,0,0,0,0,0,13,0,13,no_positive_commit
Solana,fat-tree,GAFAM,8,16,10,2023,hop,10 nodes,0,13,13,12,1,0,0,12,0,12,12,13,12,13,mixed_outcomes
Solana,fat-tree,GAFAM,8,16,10,2023,hop,40 nodes,0,13,13,13,0,0,0,13,0,13,13,13,13,13,all_positive_commit
Solana,fat-tree,Gaming,8,16,10,2023,hop,10 nodes,0,12,12,9,3,0,0,9,0,9,9,12,9,12,mixed_outcomes
Solana,fat-tree,Gaming,8,16,10,2023,hop,40 nodes,0,13,13,0,13,0,0,0,0,0,0,13,0,13,no_positive_commit
Solana,fat-tree,PayPal,8,16,10,2023,hop,10 nodes,0,13,13,7,6,0,0,7,0,7,7,13,7,13,mixed_outcomes
Solana,fat-tree,PayPal,8,16,10,2023,hop,40 nodes,0,13,13,2,11,0,0,2,0,2,2,13,2,13,mixed_outcomes
Solana,fat-tree,VISA,8,16,10,2023,hop,10 nodes,0,13,13,10,3,0,0,10,0,10,10,13,10,13,mixed_outcomes
Solana,fat-tree,VISA,8,16,10,2023,hop,40 nodes,0,13,13,0,13,0,0,0,0,0,0,13,0,13,no_positive_commit
Solana,full mesh,DDoS,8,16,10,2023,hop,10 nodes,0,14,14,12,2,0,0,12,0,12,12,14,12,14,mixed_outcomes
Solana,full mesh,DDoS,8,16,10,2023,hop,40 nodes,0,13,13,0,13,0,0,0,0,0,0,13,0,13,no_positive_commit
Solana,full mesh,FIFA,8,16,10,2023,hop,10 nodes,0,13,13,13,0,0,0,13,0,13,13,13,13,13,all_positive_commit
Solana,full mesh,FIFA,8,16,10,2023,hop,40 nodes,0,13,13,0,13,0,0,0,0,0,0,13,0,13,no_positive_commit
Solana,full mesh,GAFAM,8,16,10,2023,hop,10 nodes,0,13,13,13,0,0,0,13,0,13,13,13,13,13,all_positive_commit
Solana,full mesh,GAFAM,8,16,10,2023,hop,40 nodes,0,13,13,13,0,0,0,13,0,13,13,13,13,13,all_positive_commit
Solana,full mesh,Gaming,8,16,10,2023,hop,10 nodes,0,16,16,15,1,0,0,15,0,15,15,16,15,16,mixed_outcomes
Solana,full mesh,Gaming,8,16,10,2023,hop,40 nodes,0,13,13,0,13,0,0,0,0,0,0,13,0,13,no_positive_commit
Solana,full mesh,PayPal,8,16,10,2023,hop,10 nodes,0,14,14,13,1,0,0,13,0,13,13,14,13,14,mixed_outcomes
Solana,full mesh,PayPal,8,16,10,2023,hop,40 nodes,0,13,13,0,13,0,0,0,0,0,0,13,0,13,no_positive_commit
Solana,full mesh,VISA,8,16,10,2023,hop,10 nodes,0,16,16,14,2,0,0,14,0,14,14,16,14,16,mixed_outcomes
Solana,full mesh,VISA,8,16,10,2023,hop,40 nodes,0,13,13,0,13,0,0,0,0,0,0,13,0,13,no_positive_commit
Solana,hypercube,DDoS,8,16,10,2023,hop,10 nodes,0,14,14,12,2,0,0,12,0,12,12,14,12,14,mixed_outcomes
Solana,hypercube,DDoS,8,16,10,2023,hop,40 nodes,0,13,13,0,13,0,0,0,0,0,0,13,0,13,no_positive_commit
Solana,hypercube,FIFA,8,16,10,2023,hop,10 nodes,0,13,13,13,0,0,0,13,0,13,13,13,13,13,all_positive_commit
Solana,hypercube,FIFA,8,16,10,2023,hop,40 nodes,0,13,13,0,13,0,0,0,0,0,0,13,0,13,no_positive_commit
Solana,hypercube,GAFAM,8,16,10,2023,hop,10 nodes,0,13,13,13,0,0,0,13,0,13,13,13,13,13,all_positive_commit
Solana,hypercube,GAFAM,8,16,10,2023,hop,40 nodes,0,13,13,13,0,0,0,13,0,13,13,13,13,13,all_positive_commit
Solana,hypercube,Gaming,8,16,10,2023,hop,10 nodes,0,16,16,15,1,0,0,15,1,14,15,16,15,16,mixed_outcomes
Solana,hypercube,Gaming,8,16,10,2023,hop,40 nodes,0,13,13,0,13,0,0,0,0,0,0,13,0,13,no_positive_commit
Solana,hypercube,PayPal,8,16,10,2023,hop,10 nodes,0,15,15,13,2,0,0,13,0,13,13,15,13,15,mixed_outcomes
Solana,hypercube,PayPal,8,16,10,2023,hop,40 nodes,0,13,13,1,12,0,0,1,0,1,1,13,1,13,mixed_outcomes
Solana,hypercube,VISA,8,16,10,2023,hop,10 nodes,0,15,15,13,2,0,0,13,0,13,13,15,13,15,mixed_outcomes
Solana,hypercube,VISA,8,16,10,2023,hop,40 nodes,0,13,13,0,13,0,0,0,0,0,0,13,0,13,no_positive_commit
Solana,scale-free,DDoS,8,16,10,2023,hop,10 nodes,0,22,22,8,14,0,0,8,0,8,8,22,8,22,mixed_outcomes
Solana,scale-free,DDoS,8,16,10,2023,hop,40 nodes,0,13,13,0,13,0,0,0,0,0,0,13,0,13,no_positive_commit
Solana,scale-free,FIFA,8,16,10,2023,hop,10 nodes,0,19,19,2,17,0,0,2,0,2,2,19,2,19,mixed_outcomes
Solana,scale-free,FIFA,8,16,10,2023,hop,40 nodes,0,13,13,1,12,0,0,1,0,1,1,13,1,13,mixed_outcomes
Solana,scale-free,GAFAM,8,16,10,2023,hop,10 nodes,0,15,15,2,13,0,0,2,0,2,2,15,2,15,mixed_outcomes
Solana,scale-free,GAFAM,8,16,10,2023,hop,40 nodes,0,13,13,12,1,0,0,12,0,12,12,13,12,13,mixed_outcomes
Solana,scale-free,Gaming,8,16,10,2023,hop,10 nodes,0,20,20,2,18,0,0,2,0,2,2,20,2,20,mixed_outcomes
Solana,scale-free,Gaming,8,16,10,2023,hop,40 nodes,0,13,13,0,13,0,0,0,0,0,0,13,0,13,no_positive_commit
Solana,scale-free,PayPal,8,16,10,2023,hop,10 nodes,0,24,24,9,15,0,0,9,0,9,9,24,9,24,mixed_outcomes
Solana,scale-free,PayPal,8,16,10,2023,hop,40 nodes,0,13,13,0,13,0,0,0,0,0,0,13,0,13,no_positive_commit
Solana,scale-free,VISA,8,16,10,2023,hop,10 nodes,0,26,26,14,12,0,0,14,0,14,14,26,14,26,mixed_outcomes
Solana,scale-free,VISA,8,16,10,2023,hop,40 nodes,0,13,13,0,13,0,0,0,0,0,0,13,0,13,no_positive_commit
Solana,torus,DDoS,8,16,10,2023,hop,10 nodes,0,13,13,13,0,0,0,13,0,13,13,13,13,13,all_positive_commit
Solana,torus,DDoS,8,16,10,2023,hop,40 nodes,0,13,13,0,13,0,0,0,0,0,0,13,0,13,no_positive_commit
Solana,torus,FIFA,8,16,10,2023,hop,10 nodes,0,13,13,10,3,0,0,10,0,10,10,13,10,13,mixed_outcomes
Solana,torus,FIFA,8,16,10,2023,hop,40 nodes,0,13,13,0,13,0,0,0,0,0,0,13,0,13,no_positive_commit
Solana,torus,GAFAM,8,16,10,2023,hop,10 nodes,0,13,13,13,0,0,0,13,0,13,13,13,13,13,all_positive_commit
Solana,torus,GAFAM,8,16,10,2023,hop,40 nodes,0,13,13,13,0,0,0,13,0,13,13,13,13,13,all_positive_commit
Solana,torus,Gaming,8,16,10,2023,hop,10 nodes,0,14,14,12,2,0,0,12,0,12,12,14,12,14,mixed_outcomes
Solana,torus,Gaming,8,16,10,2023,hop,40 nodes,0,13,13,0,13,0,0,0,0,0,0,13,0,13,no_positive_commit
Solana,torus,PayPal,8,16,10,2023,hop,10 nodes,0,13,13,11,2,0,0,11,0,11,11,13,11,13,mixed_outcomes
Solana,torus,PayPal,8,16,10,2023,hop,40 nodes,0,13,13,1,12,0,0,1,0,1,1,13,1,13,mixed_outcomes
Solana,torus,VISA,8,16,10,2023,hop,10 nodes,0,16,16,15,1,0,0,15,0,15,15,16,15,16,mixed_outcomes
Solana,torus,VISA,8,16,10,2023,hop,40 nodes,0,13,13,1,12,0,0,1,0,1,1,13,1,13,mixed_outcomes
